{"options":{"check_for_updates":false,"comment":null,"compatopts_for_requires":true,"compat_wrappedjsobject":false,"compat_metadata":false,"compat_foreach":false,"compat_arrayleft":false,"compat_uW_gmonkey":false,"compat_forvarin":false,"noframes":null,"awareOfChrome":false,"run_at":null,"override":{"merge_connects":true,"merge_excludes":true,"merge_includes":true,"merge_matches":true,"orig_connects":[],"orig_excludes":[],"orig_includes":["https://www.vacasa.com/admin/resedit_new.php*","https://www.vacasa.com/admin/dashboard/reservation/finance*","https://www.vacasa.com/admin/dashboard/finance/ownerCredit/edit*","https://www.vacasa.com/admin/dashboard/tickets/editMaintenance*","https://www.vacasait.com/admin/resedit.php*","https://www.vacasait.com/admin/resedit_new.php*","https://www.vacasait.com/admin/dashboard/reservation/finance*","https://www.vacasait.com/admin/dashboard/finance/ownerCredit/edit*","https://www.vacasait.com/admin/dashboard/tickets/editMaintenance*"],"orig_matches":["https://www.vacasa.com/admin/resedit.php*"],"orig_noframes":null,"orig_run_at":"document-end","use_blockers":[],"use_connects":[],"use_excludes":[],"use_includes":[],"use_matches":[]}},"settings":{"enabled":true,"position":1},"meta":{"name":"ResEdit - Supplementary Scripts","uuid":"b7c78f0d-9504-4b12-8658-81283ef60543","modified":1552084524834}}