{"autoReload":false,"configMode":0,"editor_autoLint":true,"editor_autoLintMaxLen":"300000","editor_autoSave":false,"editor_easySave":true,"editor_electricChars":true,"editor_enabled":true,"editor_fontSize":"100","editor_highlightTrailingWhitespace":false,"editor_indentUnit":"2","editor_indentWithTabs":"spaces","editor_keyMap":"sublime","editor_lineWrapping":false,"editor_linter_config":null,"editor_tabMode":"indent","editor_theme":"monokai","editor_trimTrailingSpacesFromModifiedLines":true,"enabled":true,"external_update_interval":86400000,"favicon_service":"google","layout":"default","layout_user_css":"","notification_showUpdate":"changelog","reset_sync":null,"scriptUpdateCheckDisabled":true,"scriptUpdateCheckPeriod":0,"scriptUrlDetection":"auto","script_blacklist_server":[{"rules":["/https?:\\/\\/userscripts\\.org\\/scripts\\/(source|version)/(102614).*\\.user\\.js/"],"severity":"2"},{"name":"SaveFrom.net helper","reason":"Shows advertisements","rules":["/https?:\\/\\/sf-addon\\.com\\/.*\\/.*\\.user\\.js/","/https?:\\/\\/.*\\.sf-helper\\.com\\/.*\\.user\\.js/"],"severity":"3"}],"script_templates":[{"name":"ECMAScript 5","value":"// ==UserScript==\n// @name         New Script\n// @version      0.1\n// @author       Jay Snyder\n// @description  Description\n// @match        *\n// @run-at       document-end\n// @icon         https://www.vacasa.com/favicon.ico\n// @updateURL\n// @downloadURL\n// @supportURL   mailto:jay.snyder@vacasa.com?subject=Tampermonkey%20Support\n// @require      http://ajax.googleapis.com/ajax/libs/jquery/2.1.0/jquery.min.js\n// ==/UserScript==\n\n(function() {\n    'use strict';\n\n    // Your code here...\n})();"},{"name":"ECMAScript 6","value":"// ==UserScript==\n// @name         New ES6-Userscript\n// @namespace    http://tampermonkey.net/\n// @version      0.1\n// @description  shows how to use babel compiler\n// @author       You\n// @require      https://cdnjs.cloudflare.com/ajax/libs/babel-standalone/6.18.2/babel.js\n// @require      https://cdnjs.cloudflare.com/ajax/libs/babel-polyfill/6.16.0/polyfill.js\n// @match        <$URL$>\n// ==/UserScript==\n\nvar inline_src = (<><![CDATA[\n\n    // Your code here...\n\n]]></>).toString();\nvar c = Babel.transform(inline_src, { presets: [ \"es2015\", \"es2016\" ] });\neval(c.code);"},{"name":"CoffeeScript","value":"// ==UserScript==\n// @name         New Coffee-Userscript\n// @namespace    http://tampermonkey.net/\n// @version      0.1\n// @description  shows how to use coffeescript compiler\n// @author       You\n// @require      http://coffeescript.org/browser-compiler/coffeescript.js\n// @match        <$URL$>\n// ==/UserScript==\n\nvar inline_src = (<><![CDATA[\n\n    // Your code here\n\n]]></>).toString();\nvar compiled = this.CoffeeScript.compile(inline_src);\neval(compiled);"}],"statistics_enabled":false,"sync_enabled":false,"sync_type":"2"}