{"options":{"check_for_updates":false,"comment":null,"compatopts_for_requires":true,"compat_wrappedjsobject":false,"compat_metadata":false,"compat_foreach":false,"compat_arrayleft":false,"compat_uW_gmonkey":false,"compat_forvarin":false,"noframes":null,"awareOfChrome":false,"run_at":null,"override":{"use_includes":[],"orig_includes":["https://www.vacasa.com/admin/dashboard/reservation/finance*","https://www.vacasa.com/admin/dashboard/finance/ownerCredit/edit*","https://www.vacasa.com/admin/dashboard/tickets/editMaintenance*","https://www.vacasait.com/admin/resedit.php*","https://www.vacasait.com/admin/dashboard/reservation/finance*","https://www.vacasait.com/admin/dashboard/finance/ownerCredit/edit*","https://www.vacasait.com/admin/dashboard/tickets/editMaintenance*"],"merge_includes":true,"use_matches":[],"orig_matches":["https://www.vacasa.com/admin/resedit.php*"],"merge_matches":true,"use_excludes":[],"orig_excludes":[],"merge_excludes":true,"use_connects":[],"merge_connects":true,"use_blockers":[],"orig_run_at":"document-end","orig_noframes":null,"orig_connects":[]}},"settings":{"enabled":true,"position":1},"meta":{"name":"ResEdit - Supplementary Scripts","uuid":"b7c78f0d-9504-4b12-8658-81283ef60543","modified":1552000602026}}